group_type	group	n_elements	pct_with_both_tsd	ltr_identity_mean	ltr_identity_median	ltr_identity_stdev	ltr5_len_mean	ltr5_len_median	ltr5_len_stdev	ltr3_len_mean	ltr3_len_median	ltr3_len_stdev	internal_len_mean	internal_len_median	internal_len_stdev	length_bp_mean	length_bp_median	length_bp_stdev	ltr_asymmetry_mean	density_per_Mb	coverage_pct	top_motifs	top_tsd	approx_age_median_Myr	notes
identity	genome:all	4344	99.8849	0.98766	0.9909	0.0124381	909.465	1043.5	534.761	909.455	1045	534.762	5984.47	5150	2963.89	7813.36	6957	3368.1	0.00261404			TGCA (3984, 92%), TACA (156, 4%), TGTA (92, 2%), TATA (59, 1%), TGGA (14, 0%)	AAAAC (27, 1%), ACAAC (25, 1%), ATAAT (23, 1%), AAAAG (20, 0%), CATAT (20, 0%) (no single consensus)		TSD consensus <40%
identity	genome:>=0.980	3479	99.885	0.992503	0.9932	0.00581379	923.218	1045	553.664	923.302	1045	553.696	6057.11	5518	2870.36	7913.61	7560	3308.51	0.00197924			TGCA (3174, 91%), TACA (135, 4%), TGTA (76, 2%), TATA (53, 2%), TGGA (11, 0%)	AAAAC (23, 1%), ATAAT (20, 1%), ACAAC (18, 1%), CATAT (18, 1%), AAAAG (16, 0%) (no single consensus)		TSD consensus <40%
identity	chr_1:all	486	99.7942	0.985795	0.9892	0.0134556	919.189	1046.5	546.383	919.34	1047	546.17	5881.95	4765.5	2986.86	7730.42	6571.5	3344.29	0.00266887			TGCA (452, 93%), TACA (14, 3%), TGTA (11, 2%), TATA (4, 1%), TGGA (2, 0%)	CATAT (7, 1%), CGCAC (4, 1%), CTAAC (4, 1%), CTTCT (4, 1%), GGGAC (4, 1%) (no single consensus)		TSD consensus <40%
identity	chr_1:>=0.980	353	99.7167	0.992385	0.9932	0.00610645	925.346	1046	578.058	925.397	1046	577.867	5925.68	4825	2793.56	7786.38	6717	3276.57	0.00218094			TGCA (325, 92%), TACA (12, 3%), TGTA (8, 2%), TATA (4, 1%), TGGA (2, 1%)	CATAT (6, 2%), CGCAC (4, 1%), CTTCT (4, 1%), AATAT (3, 1%), CTAAC (3, 1%) (no single consensus)		TSD consensus <40%
identity	chr_10:all	347	100	0.988951	0.9917	0.0113641	855.242	801	547.668	855.118	805	547.387	6015.24	5309	2903.43	7735.57	6822	3346.59	0.00214788			TGCA (310, 89%), TACA (19, 5%), TGTA (7, 2%), TATA (3, 1%), TGGA (2, 1%)	GAAAT (4, 1%), GACGT (4, 1%), GTATC (4, 1%), GTGAC (4, 1%), ACTAC (3, 1%) (no single consensus)		TSD consensus <40%
identity	chr_10:>=0.980	299	100	0.992527	0.9928	0.00545093	881.866	834	563.947	881.498	834	563.661	6193.87	5534	2954.94	7967.23	7833	3390.49	0.00167954			TGCA (269, 90%), TACA (16, 5%), TGTA (6, 2%), TATA (2, 1%), TTAC (2, 1%)	GAAAT (4, 1%), GTATC (4, 1%), ATAAT (3, 1%), ATTAC (3, 1%), CATAT (3, 1%) (no single consensus)		TSD consensus <40%
identity	chr_2:all	536	99.6269	0.988353	0.991	0.0114254	926.147	1047	513.502	926.257	1047	513.434	6062.8	5748	2912.63	7925.17	7748.5	3290.65	0.00240248			TGCA (490, 91%), TACA (19, 4%), TGTA (12, 2%), TATA (10, 2%), TGAC (3, 1%)	ATTTC (5, 1%), AAAAC (4, 1%), AGAAT (4, 1%), ATAAG (4, 1%), GTGAC (4, 1%) (no single consensus)		TSD consensus <40%
identity	chr_2:>=0.980	452	99.5575	0.992068	0.9927	0.00538653	940.431	1059.5	516.117	940.553	1059.5	515.923	6121.94	6049	2784.6	8012.89	7851.5	3195.71	0.00187541			TGCA (418, 92%), TACA (15, 3%), TATA (9, 2%), TGTA (8, 2%), TGAA (1, 0%)	ATTTC (5, 1%), AAAAC (4, 1%), AGAAT (4, 1%), GTGAC (4, 1%), AAAAG (3, 1%) (no single consensus)		TSD consensus <40%
identity	chr_3:all	509	100	0.988593	0.9914	0.0123783	919.912	1046	565.361	920.031	1046	565.214	5991.88	5227	2992.23	7841.79	6960	3425.88	0.00309306			TGCA (469, 92%), TGTA (17, 3%), TACA (15, 3%), TATA (4, 1%), TGGA (1, 0%)	ACAAC (4, 1%), GATAT (4, 1%), GTTAA (4, 1%), AAAAC (3, 1%), AAAAT (3, 1%) (no single consensus)		TSD consensus <40%
identity	chr_3:>=0.980	422	100	0.992719	0.9936	0.00586867	931.066	1047	588.773	931.251	1046.5	588.723	6067.55	5561	2881.42	7939.84	7544	3352.65	0.00248858			TGCA (384, 91%), TGTA (17, 4%), TACA (14, 3%), TATA (3, 1%), TGGA (1, 0%)	GATAT (4, 1%), AAAAC (3, 1%), AAAAT (3, 1%), AATAT (3, 1%), ACAAC (3, 1%) (no single consensus)		TSD consensus <40%
identity	chr_4:all	482	99.7925	0.988969	0.9923	0.012408	928.956	1046	515.734	929.272	1046	515.875	5854.38	4995	3050.42	7722.56	6820.5	3485.85	0.00250298			TGCA (443, 92%), TACA (18, 4%), TATA (9, 2%), TGTA (7, 1%), TAAA (1, 0%)	CTAAT (6, 1%), ACATA (4, 1%), ATATA (4, 1%), ATATG (4, 1%), AAAAC (3, 1%) (no single consensus)		TSD consensus <40%
identity	chr_4:>=0.980	405	99.7531	0.993212	0.9941	0.00553662	940.756	1046	515.546	941.336	1046	515.794	5799.8	4992	2957.27	7691.86	6835	3377.94	0.00182554			TGCA (374, 92%), TACA (14, 3%), TATA (8, 2%), TGTA (6, 1%), TGGC (1, 0%)	CTAAT (5, 1%), ACATA (4, 1%), ATATA (4, 1%), ATATG (4, 1%), AAAAC (3, 1%) (no single consensus)		TSD consensus <40%
identity	chr_5:all	383	100	0.987252	0.9906	0.0133129	993.543	1093	530.542	993.744	1093	530.703	6405.39	6060	2905.72	8402.68	8496	3265.33	0.00230139			TGCA (354, 92%), TACA (10, 3%), TATA (8, 2%), TGTA (5, 1%), TGAA (2, 1%)	AAAAC (4, 1%), ACAAG (4, 1%), ATAAT (4, 1%), TCCAA (4, 1%), AAGAG (3, 1%) (no single consensus)		TSD consensus <40%
identity	chr_5:>=0.980	293	100	0.993171	0.9948	0.00605399	1006.21	1076	564.968	1005.99	1076	565.087	6380.43	5990	2810.79	8402.63	8375	3199.86	0.00155988			TGCA (266, 91%), TACA (10, 3%), TATA (7, 2%), TGTA (5, 2%), TGAA (2, 1%)	AAAAC (4, 1%), AATGG (3, 1%), ACAAC (3, 1%), ATATT (3, 1%), ATTCT (3, 1%) (no single consensus)		TSD consensus <40%
identity	chr_6:all	471	99.7877	0.988277	0.9906	0.0104887	831.312	777	501.839	831.276	774	502.18	5741.18	4676	2896.8	7413.72	6507	3305.47	0.00362525			TGCA (430, 91%), TACA (21, 4%), TGTA (10, 2%), TATA (7, 1%), TGAC (1, 0%)	ATTTT (5, 1%), AAAGT (4, 1%), AATAT (4, 1%), ACAAC (4, 1%), CATAC (4, 1%) (no single consensus)		TSD consensus <40%
identity	chr_6:>=0.980	389	100	0.992077	0.9927	0.00579074	856.416	814	507.916	856.473	813	508.33	5934.42	4951	2906.97	7657.29	6766	3319.52	0.00305739			TGCA (354, 91%), TACA (18, 5%), TGTA (8, 2%), TATA (6, 2%), TGAC (1, 0%)	ACAAC (4, 1%), CATAC (4, 1%), AAAGT (3, 1%), AGTTC (3, 1%), ATTTT (3, 1%) (no single consensus)		TSD consensus <40%
identity	chr_7:all	332	100	0.986477	0.9897	0.0130155	930.12	1053.5	543.148	929.627	1054	543.124	6283.88	5814	2991.16	8153.6	7616.5	3388.69	0.00243895			TGCA (301, 91%), TACA (17, 5%), TGTA (8, 2%), TGGA (3, 1%), TATA (2, 1%)	AAAAC (4, 1%), GAAGG (4, 1%), GTATT (4, 1%), AAATC (3, 1%), AATAC (3, 1%) (no single consensus)		TSD consensus <40%
identity	chr_7:>=0.980	246	100	0.992682	0.9938	0.00582331	935.028	1046	576.914	935.293	1046	577.391	6325.45	5925	2844.28	8205.78	7898.5	3297.72	0.00131365			TGCA (220, 89%), TACA (13, 5%), TGTA (7, 3%), TGGA (3, 1%), TATA (2, 1%)	AAAAC (3, 1%), AAATC (3, 1%), ATAAC (3, 1%), GACAA (3, 1%), GTAAT (3, 1%) (no single consensus)		TSD consensus <40%
identity	chr_8:all	423	100	0.98545	0.9888	0.0142782	953.463	1076	527.81	952.837	1076	527.653	6154.54	5489	3011.2	8070.8	7612	3351.35	0.00207812			TGCA (393, 93%), TACA (10, 2%), TATA (7, 2%), TGTA (6, 1%), TGGA (4, 1%)	CTTAT (4, 1%), CTTTC (4, 1%), AAGTA (3, 1%), ACAAC (3, 1%), ACCAC (3, 1%) (no single consensus)		TSD consensus <40%
identity	chr_8:>=0.980	311	100	0.992036	0.9928	0.00629053	968.971	1076	565.366	968.746	1076	565.229	6349.32	6002	2915.3	8297	8647	3324.18	0.00158607			TGCA (284, 91%), TACA (10, 3%), TATA (7, 2%), TGGA (4, 1%), TGTA (4, 1%)	CTTTC (4, 1%), ATTTT (3, 1%), CTTAT (3, 1%), CTTGG (3, 1%), GGTTT (3, 1%) (no single consensus)		TSD consensus <40%
identity	chr_9:all	373	100	0.988067	0.9908	0.01134	825.48	680	536.296	825.539	679	536.626	5568.01	4661	2870.72	7229.04	6352	3311.37	0.00259192			TGCA (340, 91%), TACA (13, 3%), TGTA (9, 2%), TATA (5, 1%), TGGA (2, 1%)	CATAC (5, 1%), ATAAT (4, 1%), ATTAT (4, 1%), CCTAC (4, 1%), CTTTT (4, 1%) (no single consensus)		TSD consensus <40%
identity	chr_9:>=0.980	307	100	0.992204	0.9929	0.00579728	848.56	744	559.965	848.769	744	560.042	5662.17	4690	2747.36	7369.51	6499	3213.56	0.00167329			TGCA (278, 91%), TACA (13, 4%), TGTA (7, 2%), TATA (5, 2%), TAAA (1, 0%)	ATAAT (4, 1%), CATAC (4, 1%), ATACC (3, 1%), ATTAT (3, 1%), CAACC (3, 1%) (no single consensus)		TSD consensus <40%
identity	scaffold_17:all	1	100	1	1	0	1766	1766	0	1766	1766	0	4054	4054	0	7596	7596	0	0			TGCA (1, 100%)	ACTTC (1, 100%)		LOW N (n=1)
identity	scaffold_17:>=0.980	1	100	1	1	0	1766	1766	0	1766	1766	0	4054	4054	0	7596	7596	0	0			TGCA (1, 100%)	ACTTC (1, 100%)		LOW N (n=1)
identity	scaffold_18:all	1	100	1	1	0	955	955	0	955	955	0	1400	1400	0	3320	3320	0	0			TGCA (1, 100%)	CATAG (1, 100%)		LOW N (n=1)
identity	scaffold_18:>=0.980	1	100	1	1	0	955	955	0	955	955	0	1400	1400	0	3320	3320	0	0			TGCA (1, 100%)	CATAG (1, 100%)		LOW N (n=1)
